{
  "surface_builder": "minecraft:grass",
  "depth": 0.125,
  "scale": 0.04,
  "player_spawn_friendly": true,
  "temperature": 0.8,
  "downfall": 0.4,
  "precipitation": "rain",
  "category": "plains",
  "effects": {
    "sky_color": 10710224,
    "fog_color": 490980,
    "water_color": 5115056,
    "water_fog_color": 329011,
    "grass_color": 43775,
    "foliage_color": 6107567,
    "mood_sound": {
      "sound": "minecraft:ambient.cave",
      "tick_delay": 6000,
      "block_search_extent": 8,
      "offset": 2.0
    },
    "particle": {
      "options": {
        "type": "white_ash"
      },
      "probability": 0.04
    }
  },
  "starts": [
    "boni:tong1",
    "minecraft:ruined_portal"
  ],
  "spawners": {
    "monster": [
      {
        "type": "minecraft:vex",
        "weight": 59,
        "minCount": 4,
        "maxCount": 10
      },
      {
        "type": "minecraft:evoker",
        "weight": 80,
        "minCount": 4,
        "maxCount": 6
      }
    ],
    "creature": [
      {
        "type": "minecraft:sheep",
        "weight": 4,
        "minCount": 2,
        "maxCount": 6
      }
    ],
    "ambient": [
      {
        "type": "minecraft:bat",
        "weight": 10,
        "minCount": 8,
        "maxCount": 8
      }
    ],
    "water_creature": [],
    "water_ambient": [],
    "misc": []
  },
  "spawn_costs": {},
  "carvers": {
    "air": [
      "minecraft:cave",
      "minecraft:canyon"
    ]
  },
  "features": [
    [],
    [
      "minecraft:lake_water",
      "minecraft:lake_lava"
    ],
    [
      "boni:forest",
      "boni:forest2",
      "boni:forest3",
      "minecraft:patch_grass_forest",
      "minecraft:patch_grass_badlands",
	  "minecraft:patch_tall_grass",
	  "minecraft:patch_tall_grass_2"
	],
    [
      "minecraft:ore_dirt",
      "minecraft:ore_gravel",
      "minecraft:ore_granite",
      "minecraft:ore_diorite",
      "minecraft:ore_andesite",
      "minecraft:ore_gold",
      "minecraft:ore_redstone",
      "minecraft:ore_iron",
      "minecraft:ore_diamond"
    ],
    [],
    [
      "minecraft:freeze_top_layer"
    ]
  ]
}
